index,favorite_soda
0,Pepsi
1,Coke
2,Coke
3,Pepsi
4,Coke
5,Pepsi
6,Coke
7,Coke
8,Coke
9,Coke
10,Pepsi
11,nan
12,Coke
13,Coke
14,Pepsi
15,Pepsi
16,Coke
17,Coke
18,Coke
19,Pepsi
20,Pepsi
21,Pepsi
22,Coke
23,Coke
24,Pepsi
25,Coke
26,Pepsi
27,Coke
28,Pepsi
29,Coke
30,Coke
31,Pepsi
32,Pepsi
33,Pepsi
34,Coke
35,Coke
36,Pepsi
37,Coke
38,Pepsi
39,Coke
40,Pepsi
41,Pepsi
42,Coke
43,Coke
44,Pepsi
45,Coke
46,Coke
47,Coke
48,Coke
49,Coke
50,Pepsi
51,Pepsi
52,Pepsi
53,Coke
54,Coke
55,Coke
56,Coke
57,Coke
58,Coke
59,Coke
60,Pepsi
61,nan
62,Pepsi
63,Pepsi
64,Pepsi
65,Pepsi
66,Pepsi
67,Coke
68,Coke
69,Pepsi
70,Pepsi
71,Coke
72,Pepsi
73,Pepsi
74,Coke
75,Pepsi
76,Pepsi
77,Pepsi
78,Coke
79,Coke
80,Coke
81,Coke
82,Pepsi
83,Pepsi
84,Coke
85,Coke
86,Pepsi
87,Pepsi
88,Coke
89,Coke
90,Pepsi
91,Coke
92,Pepsi
93,Pepsi
94,Pepsi
95,Coke
96,Pepsi
97,Coke
98,Coke
99,Coke
100,Pepsi
101,Coke
102,Pepsi
103,Pepsi
104,Coke
105,Pepsi
106,Coke
107,Pepsi
108,Coke
109,Coke
110,Coke
111,Pepsi
112,Pepsi
113,Pepsi
114,Coke
115,Coke
116,Pepsi
117,Coke
118,Pepsi
119,Coke
120,Coke
121,Pepsi
122,Pepsi
123,Coke
124,Pepsi
125,Coke
126,Coke
127,Coke
128,Coke
129,Pepsi
130,Pepsi
131,Pepsi
132,Coke
133,Coke
134,Pepsi
135,Coke
136,Pepsi
137,Pepsi
138,Coke
139,Pepsi
140,Coke
141,Coke
142,Pepsi
143,Pepsi
144,Pepsi
145,Pepsi
146,Coke
147,Coke
148,Pepsi
149,Coke
150,Pepsi
151,Pepsi
152,Coke
153,Coke
154,Coke
155,Coke
156,Coke
157,Pepsi
158,Pepsi
159,Coke
160,Pepsi
161,Coke
162,Pepsi
163,Coke
164,Pepsi
165,Coke
166,Pepsi
167,Pepsi
168,Coke
169,Pepsi
170,Pepsi
171,Coke
172,Coke
173,Coke
174,Coke
175,Pepsi
176,Pepsi
177,Coke
178,Coke
179,Coke
180,Pepsi
181,Coke
182,Pepsi
183,Coke
184,Coke
185,Coke
186,Pepsi
187,Pepsi
188,Coke
189,Coke
190,Coke
191,Coke
192,Coke
193,Pepsi
194,Coke
195,Pepsi
196,Pepsi
197,Pepsi
198,Pepsi
199,Pepsi
200,Coke
201,Coke
202,Pepsi
203,Pepsi
204,Pepsi
205,Coke
206,Coke
207,Coke
208,Pepsi
209,Coke
210,Pepsi
211,Pepsi
212,Coke
213,Pepsi
214,Coke
215,Pepsi
216,Pepsi
217,Coke
218,Pepsi
219,Coke
220,Pepsi
221,Coke
222,Pepsi
223,Coke
224,Coke
225,Coke
226,Pepsi
227,Pepsi
228,Pepsi
229,Coke
230,Coke
231,Coke
232,Coke
233,Coke
234,Coke
235,Pepsi
236,Coke
237,Pepsi
238,Coke
239,Pepsi
240,Pepsi
241,Coke
242,Pepsi
243,Coke
244,Coke
245,Coke
246,Coke
247,Pepsi
248,Pepsi
249,nan
250,Coke
251,Coke
252,Coke
253,Coke
254,Coke
255,Pepsi
256,Coke
257,Coke
258,Pepsi
259,Coke
260,Coke
261,Coke
262,Coke
263,Coke
264,Pepsi
265,Pepsi
266,Coke
267,Pepsi
268,Pepsi
269,Coke
270,Coke
271,Pepsi
272,Pepsi
273,Coke
274,Coke
275,Coke
276,Pepsi
277,Pepsi
278,Pepsi
279,Coke
280,Pepsi
281,Pepsi
282,Pepsi
283,Coke
284,Coke
285,Pepsi
286,Coke
287,Coke
288,Pepsi
289,Coke
290,Pepsi
291,Coke
292,Coke
293,Coke
294,Coke
295,Pepsi
296,Coke
297,Coke
298,Coke
299,Coke
300,Coke
301,Pepsi
302,Pepsi
303,Coke
304,Pepsi
305,Pepsi
306,Pepsi
307,Coke
308,Coke
309,Pepsi
310,Coke
311,Pepsi
312,Coke
313,Pepsi
314,Coke
315,Pepsi
316,Coke
317,Pepsi
318,Pepsi
319,Pepsi
320,Coke
321,Coke
322,Coke
323,Pepsi
324,Coke
325,Pepsi
326,Pepsi
327,Coke
328,Pepsi
329,Pepsi
330,Coke
331,Coke
332,Coke
333,Coke
334,Coke
335,Coke
336,Coke
337,Pepsi
338,Coke
339,Pepsi
340,Pepsi
341,Coke
342,Coke
343,Coke
344,Coke
345,Coke
346,Coke
347,Coke
348,Pepsi
349,Pepsi
350,Coke
351,Pepsi
352,Pepsi
353,Coke
354,Pepsi
355,Coke
356,Coke
357,Pepsi
358,Pepsi
359,Pepsi
360,Pepsi
361,Pepsi
362,Coke
363,Coke
364,Coke
365,Pepsi
366,Coke
367,Coke
368,Coke
369,Pepsi
370,Coke
371,Coke
372,Pepsi
373,Pepsi
374,Coke
375,Coke
376,Pepsi
377,Pepsi
378,Coke
379,Coke
380,Coke
381,Pepsi
382,Pepsi
383,Pepsi
384,Coke
385,Pepsi
386,Pepsi
387,Coke
388,Pepsi
389,Pepsi
390,Coke
391,Pepsi
392,Coke
393,Coke
394,Coke
395,Pepsi
396,Coke
397,Coke
398,Coke
399,Coke
400,Pepsi
401,Coke
402,Pepsi
403,Pepsi
404,Coke
405,Coke
406,Pepsi
407,Pepsi
408,Pepsi
409,Coke
410,Coke
411,Pepsi
412,Pepsi
413,Coke
414,Pepsi
415,Coke
416,nan
417,Pepsi
418,Coke
419,Coke
420,Pepsi
421,Pepsi
422,Pepsi
423,Pepsi
424,Coke
425,Coke
426,Coke
427,Pepsi
428,Pepsi
429,Coke
430,Pepsi
431,Coke
432,Pepsi
433,Pepsi
434,Coke
435,Coke
436,Coke
437,Coke
438,Coke
439,Coke
440,Pepsi
441,Coke
442,Pepsi
443,Coke
444,Pepsi
445,Coke
446,Coke
447,Pepsi
448,Pepsi
449,Coke
450,Pepsi
451,Coke
452,Coke
453,Pepsi
454,Pepsi
455,Coke
456,Pepsi
457,Pepsi
458,Coke
459,Pepsi
460,Pepsi
461,Coke
462,Coke
463,Pepsi
464,Pepsi
465,Pepsi
466,Coke
467,Pepsi
468,Pepsi
469,Coke
470,Coke
471,Pepsi
472,Coke
473,Pepsi
474,Coke
475,Coke
476,Pepsi
477,Coke
478,Pepsi
479,Coke
480,Coke
481,Pepsi
482,Coke
483,Pepsi
484,Pepsi
485,Pepsi
486,Coke
487,Coke
488,Coke
489,Pepsi
490,Coke
491,Coke
492,Coke
493,Coke
494,Coke
495,Coke
496,Pepsi
497,Pepsi
498,Coke
499,Coke
500,Pepsi
501,Pepsi
502,Coke
503,Coke
504,Coke
505,Pepsi
506,Coke
507,Pepsi
508,Coke
509,Coke
510,Pepsi
511,Pepsi
512,Coke
513,Coke
514,Coke
515,Coke
516,Pepsi
517,Pepsi
518,Coke
519,Coke
520,Coke
521,Pepsi
522,Coke
523,Pepsi
524,Pepsi
525,Pepsi
526,Pepsi
527,Pepsi
528,Coke
529,nan
530,Pepsi
531,Coke
532,Coke
533,Coke
534,Pepsi
535,Pepsi
536,Pepsi
537,Pepsi
538,Pepsi
539,Coke
540,Coke
541,Coke
542,Pepsi
543,Coke
544,Pepsi
545,Pepsi
546,Pepsi
547,Pepsi
548,Coke
549,Coke
550,Coke
551,Coke
552,Pepsi
553,Pepsi
554,Pepsi
555,Coke
556,Coke
557,Coke
558,Coke
559,Pepsi
560,Coke
561,Pepsi
562,Coke
563,Pepsi
564,Pepsi
565,Coke
566,Pepsi
567,Coke
568,Coke
569,Pepsi
570,Pepsi
571,Coke
572,Coke
573,Coke
574,Coke
575,Pepsi
576,Pepsi
577,Pepsi
578,Coke
579,Pepsi
580,Coke
581,Coke
582,Coke
583,Pepsi
584,Coke
585,Pepsi
586,Pepsi
587,Pepsi
588,Coke
589,Pepsi
590,Coke
591,Pepsi
592,Pepsi
593,Coke
594,Coke
595,Pepsi
596,Coke
597,Pepsi
598,Pepsi
599,Coke
600,Coke
601,Coke
602,Pepsi
603,Coke
604,Coke
605,Pepsi
606,Pepsi
607,Coke
608,Pepsi
609,Coke
610,Pepsi
611,Coke
612,Coke
613,Coke
614,Pepsi
615,Pepsi
616,Pepsi
617,Coke
618,Pepsi
619,Coke
620,Coke
621,Coke
622,Pepsi
623,Pepsi
624,Pepsi
625,Pepsi
626,Coke
627,Coke
628,Coke
629,Coke
630,Pepsi
631,Pepsi
632,Pepsi
633,Pepsi
634,Pepsi
635,Pepsi
636,Pepsi
637,Pepsi
638,Coke
639,Coke
640,Pepsi
641,Coke
642,Pepsi
643,Coke
644,Pepsi
645,Pepsi
646,Pepsi
647,Coke
648,Pepsi
649,Pepsi
650,Pepsi
651,Pepsi
652,Pepsi
653,Pepsi
654,Pepsi
655,Coke
656,Pepsi
657,Coke
658,Pepsi
659,Coke
660,Coke
661,Coke
662,Pepsi
663,Pepsi
664,Pepsi
665,Coke
666,Pepsi
667,Coke
668,Coke
669,Pepsi
670,Coke
671,Pepsi
672,Pepsi
673,Pepsi
674,Coke
675,Coke
676,Pepsi
677,Pepsi
678,Pepsi
679,Pepsi
680,Pepsi
681,Coke
682,Pepsi
683,Pepsi
684,Coke
685,Coke
686,Coke
687,Pepsi
688,Pepsi
689,Coke
690,Pepsi
691,Coke
692,Pepsi
693,Pepsi
694,Pepsi
695,Pepsi
696,Coke
697,Coke
698,Pepsi
699,Pepsi
700,Coke
701,Pepsi
702,Coke
703,Coke
704,Pepsi
705,Coke
706,Coke
707,Coke
708,nan
709,Coke
710,Coke
711,Coke
712,Coke
713,Coke
714,Coke
715,Pepsi
716,Pepsi
717,Coke
718,Coke
719,Pepsi
720,Coke
721,Pepsi
722,Coke
723,Coke
724,Pepsi
725,Pepsi
726,Pepsi
727,Pepsi
728,Pepsi
729,Pepsi
730,Pepsi
731,Pepsi
732,Coke
733,Coke
734,Pepsi
735,Coke
736,Coke
737,Coke
738,Pepsi
739,Pepsi
740,Pepsi
741,Pepsi
742,Coke
743,Coke
744,Pepsi
745,Coke
746,Coke
747,Pepsi
748,Pepsi
749,Pepsi
750,Pepsi
751,Coke
752,Pepsi
753,Pepsi
754,Pepsi
755,Pepsi
756,Coke
757,Pepsi
758,Pepsi
759,Pepsi
760,Coke
761,Coke
762,nan
763,Pepsi
764,Pepsi
765,Pepsi
766,Coke
767,Pepsi
768,Pepsi
769,Pepsi
770,Pepsi
771,Coke
772,Coke
773,Pepsi
774,Pepsi
775,Pepsi
776,Coke
777,Coke
778,Pepsi
779,Coke
780,Pepsi
781,Pepsi
782,Coke
783,Pepsi
784,Pepsi
785,Pepsi
786,Pepsi
787,Pepsi
788,Coke
789,Pepsi
790,Pepsi
791,Coke
792,Pepsi
793,Pepsi
794,Pepsi
795,Coke
796,Coke
797,Coke
798,Pepsi
799,Pepsi
800,Pepsi
801,Pepsi
802,Pepsi
803,Coke
804,Coke
805,Coke
806,Coke
807,Pepsi
808,Coke
809,Pepsi
810,Pepsi
811,Pepsi
812,Coke
813,Coke
814,Pepsi
815,Coke
816,Coke
817,Pepsi
818,Pepsi
819,Coke
820,Coke
821,Pepsi
822,Pepsi
823,Coke
824,Pepsi
825,Coke
826,Pepsi
827,Coke
828,Pepsi
829,Coke
830,Coke
831,Coke
832,Coke
833,Coke
834,Pepsi
835,Coke
836,Coke
837,Pepsi
838,Pepsi
839,Coke
840,Pepsi
841,Coke
842,Coke
843,nan
844,Pepsi
845,Pepsi
846,Pepsi
847,Coke
848,Coke
849,Pepsi
850,Coke
851,Pepsi
852,Pepsi
853,Coke
854,Pepsi
855,Coke
856,Coke
857,Pepsi
858,Coke
859,Pepsi
860,Coke
861,Coke
862,Pepsi
863,Pepsi
864,Coke
865,Coke
866,Pepsi
867,Coke
868,Coke
869,Coke
870,Coke
871,Pepsi
872,Coke
873,Coke
874,Pepsi
875,Coke
876,Pepsi
877,Pepsi
878,Pepsi
879,Coke
880,Coke
881,Pepsi
882,Coke
883,Coke
884,Pepsi
885,Coke
886,Pepsi
887,Pepsi
888,Pepsi
889,Pepsi
890,Pepsi
891,Coke
892,Coke
893,Pepsi
894,Pepsi
895,Coke
896,Pepsi
897,Pepsi
898,Pepsi
899,Coke
900,Pepsi
901,Pepsi
902,Pepsi
903,Coke
904,Pepsi
905,Coke
906,Coke
907,Pepsi
908,Pepsi
909,Pepsi
910,Coke
911,Pepsi
912,Coke
913,Pepsi
914,Pepsi
915,Coke
916,Coke
917,Pepsi
918,Pepsi
919,Pepsi
920,Coke
921,Coke
922,Pepsi
923,Pepsi
924,Pepsi
925,Coke
926,Pepsi
927,Coke
928,Pepsi
929,Coke
930,Coke
931,Coke
932,Coke
933,Pepsi
934,Pepsi
935,Pepsi
936,Coke
937,Coke
938,Coke
939,Pepsi
940,Coke
941,Pepsi
942,Coke
943,Coke
944,Pepsi
945,Pepsi
946,Pepsi
947,Pepsi
948,Coke
949,Coke
950,Pepsi
951,Coke
952,Pepsi
953,Coke
954,Pepsi
955,Coke
956,Coke
957,Coke
958,Coke
959,Coke
960,Pepsi
961,Pepsi
962,Pepsi
963,Coke
964,Coke
965,Coke
966,Coke
967,Coke
968,Pepsi
969,Pepsi
970,Pepsi
971,Coke
972,Coke
973,Coke
974,Coke
975,Coke
976,Coke
977,Coke
978,Pepsi
979,Pepsi
980,Pepsi
981,Coke
982,Pepsi
983,Coke
984,Pepsi
985,Coke
986,Pepsi
987,Coke
988,Pepsi
989,Pepsi
990,Coke
991,Coke
992,Pepsi
993,Coke
994,Coke
995,Pepsi
996,Pepsi
997,Pepsi
998,Pepsi
999,Coke
1000,Coke
1001,Pepsi
1002,Coke
1003,Pepsi
1004,Coke
1005,Coke
1006,Coke
1007,Pepsi
1008,Pepsi
1009,Coke
1010,Coke
1011,Coke
1012,Coke
1013,Pepsi
1014,Pepsi
1015,Pepsi
1016,Coke
1017,Coke
1018,Pepsi
1019,Pepsi
1020,Coke
1021,Pepsi
1022,Coke
1023,Pepsi
1024,Coke
1025,Coke
1026,Pepsi
1027,Coke
1028,Coke
1029,Coke
1030,Pepsi
1031,Coke
1032,Pepsi
1033,Pepsi
1034,Coke
1035,Pepsi
1036,Pepsi
1037,Coke
1038,Coke
1039,Pepsi
1040,Coke
1041,Coke
1042,Pepsi
1043,Coke
1044,Pepsi
1045,Pepsi
1046,Pepsi
1047,Pepsi
1048,Coke
1049,Coke
1050,Pepsi
1051,Coke
1052,Coke
1053,Pepsi
1054,Pepsi
1055,Pepsi
1056,Pepsi
1057,Coke
1058,Coke
1059,Pepsi
1060,Coke
1061,Coke
1062,Coke
1063,Pepsi
1064,Pepsi
1065,Pepsi
1066,Coke
1067,Coke
1068,Coke
1069,Pepsi
1070,Coke
1071,Pepsi
1072,Pepsi
1073,Coke
1074,Pepsi
1075,Coke
1076,Coke
1077,Pepsi
1078,Pepsi
1079,Coke
1080,Pepsi
1081,Pepsi
1082,nan
1083,Pepsi
1084,Coke
1085,Coke
1086,Pepsi
1087,Pepsi
1088,Coke
1089,Coke
1090,Pepsi
1091,Coke
1092,Pepsi
1093,Coke
1094,Coke
1095,Coke
1096,Pepsi
1097,Pepsi
1098,Pepsi
1099,Pepsi
1100,Coke
1101,Pepsi
1102,Pepsi
1103,Coke
1104,Coke
1105,Coke
1106,Coke
1107,Coke
1108,Pepsi
1109,Pepsi
1110,Pepsi
1111,Coke
1112,Pepsi
1113,Pepsi
1114,nan
1115,Pepsi
1116,Pepsi
1117,Coke
1118,Coke
1119,Coke
1120,Coke
1121,Coke
1122,Coke
1123,Coke
1124,Pepsi
1125,Coke
1126,Coke
1127,Coke
1128,Coke
1129,Pepsi
1130,Coke
1131,Pepsi
1132,Pepsi
1133,Coke
1134,Coke
1135,Pepsi
1136,Pepsi
1137,Pepsi
1138,Pepsi
1139,Pepsi
1140,Pepsi
1141,Pepsi
1142,Pepsi
1143,Coke
1144,Coke
1145,Pepsi
1146,Coke
1147,Pepsi
1148,Coke
1149,Pepsi
1150,Pepsi
1151,Coke
1152,Pepsi
1153,Pepsi
1154,Coke
1155,Pepsi
1156,Pepsi
1157,Pepsi
1158,Coke
1159,Coke
1160,Pepsi
1161,Coke
1162,Pepsi
1163,Coke
1164,Coke
1165,Coke
1166,Pepsi
1167,Pepsi
1168,Pepsi
1169,Pepsi
1170,Pepsi
1171,Coke
1172,Coke
1173,Pepsi
1174,Coke
1175,Pepsi
1176,Pepsi
1177,Coke
1178,Coke
1179,Coke
1180,Coke
1181,Coke
1182,Coke
1183,Pepsi
1184,Coke
1185,Pepsi
1186,Pepsi
1187,Coke
1188,Pepsi
1189,Pepsi
1190,Pepsi
1191,Coke
1192,Coke
1193,Pepsi
1194,Coke
1195,Pepsi
1196,Coke
1197,Coke
1198,Pepsi
1199,Coke
1200,Coke
1201,Coke
1202,Pepsi
1203,Coke
1204,Pepsi
1205,Coke
1206,Coke
1207,Pepsi
1208,Coke
1209,Pepsi
1210,Coke
1211,Pepsi
1212,Pepsi
1213,Coke
1214,Coke
1215,Coke
1216,Coke
1217,Coke
1218,Pepsi
1219,Pepsi
1220,Pepsi
1221,Coke
1222,Coke
1223,Pepsi
1224,Pepsi
1225,Pepsi
1226,Pepsi
1227,Coke
1228,Pepsi
1229,Pepsi
1230,Coke
1231,Pepsi
1232,Coke
1233,Coke
1234,Coke
1235,Pepsi
1236,Coke
1237,Coke
1238,Pepsi
1239,Pepsi
1240,Coke
1241,Pepsi
1242,Coke
1243,Pepsi
1244,Coke
1245,Pepsi
1246,Coke
1247,Coke
1248,Coke
1249,Pepsi
1250,Coke
1251,Coke
1252,Coke
1253,Coke
1254,Pepsi
1255,Coke
1256,Pepsi
1257,Pepsi
1258,Coke
1259,Coke
1260,Pepsi
1261,Coke
1262,Pepsi
1263,Coke
1264,Pepsi
1265,Coke
1266,Coke
1267,Coke
1268,Coke
1269,Pepsi
1270,Pepsi
1271,Coke
1272,Coke
1273,Coke
1274,Pepsi
1275,Coke
1276,Coke
1277,Pepsi
1278,Pepsi
1279,Coke
1280,Coke
1281,Coke
1282,Coke
1283,Coke
1284,Coke
1285,Pepsi
1286,Pepsi
1287,Coke
1288,Coke
1289,Coke
1290,Coke
1291,Pepsi
1292,Pepsi
1293,Coke
1294,Coke
1295,Coke
1296,Pepsi
1297,Coke
1298,Coke
1299,Coke
1300,Pepsi
1301,Pepsi
1302,Coke
1303,Pepsi
1304,Coke
1305,Coke
1306,Pepsi
1307,Pepsi
1308,Pepsi
1309,Coke
1310,Coke
1311,Coke
1312,Pepsi
1313,Pepsi
1314,Coke
1315,Coke
1316,Coke
1317,Coke
1318,Pepsi
1319,Coke
1320,Coke
1321,Pepsi
1322,Coke
1323,Coke
1324,Pepsi
1325,Pepsi
1326,Coke
1327,Coke
1328,Coke
1329,Coke
1330,Pepsi
1331,Coke
1332,Coke
1333,Coke
1334,Coke
1335,Pepsi
1336,Pepsi
1337,Pepsi
1338,Pepsi
1339,Pepsi
1340,Coke
1341,Coke
1342,Pepsi
1343,Coke
1344,Pepsi
1345,Pepsi
1346,Pepsi
1347,Pepsi
1348,Coke
1349,Coke
1350,Pepsi
1351,Coke
1352,Pepsi
1353,Pepsi
1354,Coke
1355,Pepsi
1356,Coke
1357,Pepsi
1358,Pepsi
1359,Coke
1360,Coke
1361,Coke
1362,Pepsi
1363,Coke
1364,Coke
1365,Pepsi
1366,Coke
1367,Pepsi
1368,Coke
1369,Pepsi
1370,Pepsi
1371,Pepsi
1372,Coke
1373,Coke
1374,Pepsi
1375,Pepsi
1376,Pepsi
1377,Coke
1378,Coke
1379,Pepsi
1380,Pepsi
1381,Coke
1382,Pepsi
1383,Pepsi
1384,Coke
1385,Pepsi
1386,Coke
1387,Coke
1388,Coke
1389,Coke
1390,Pepsi
1391,Coke
1392,Pepsi
1393,Pepsi
1394,Pepsi
1395,Coke
1396,Pepsi
1397,Pepsi
1398,Coke
1399,Pepsi
1400,Coke
1401,Coke
1402,Coke
1403,Pepsi
1404,Coke
1405,Coke
1406,Pepsi
1407,Coke
1408,Pepsi
1409,Coke
1410,Pepsi
1411,Coke
1412,Pepsi
1413,Pepsi
1414,Coke
1415,Coke
1416,Pepsi
1417,Coke
1418,Coke
1419,Coke
1420,Pepsi
1421,Coke
1422,Pepsi
1423,Pepsi
1424,nan
1425,Pepsi
1426,Coke
1427,Pepsi
1428,Pepsi
1429,Pepsi
1430,Coke
1431,Coke
1432,Pepsi
1433,Coke
1434,Pepsi
1435,Coke
1436,Pepsi
1437,Pepsi
1438,Pepsi
1439,Coke
1440,Coke
1441,Coke
1442,Coke
1443,Coke
1444,Coke
1445,Coke
1446,Pepsi
1447,Pepsi
1448,Pepsi
1449,Coke
1450,Pepsi
1451,Pepsi
1452,Coke
1453,Coke
1454,Pepsi
1455,Coke
1456,Coke
1457,Pepsi
1458,Coke
1459,Coke
1460,Coke
1461,Coke
1462,Pepsi
1463,Pepsi
1464,Coke
1465,Pepsi
1466,Coke
1467,Pepsi
1468,Coke
1469,Pepsi
1470,Coke
1471,Coke
1472,Coke
1473,Coke
1474,Pepsi
1475,Coke
1476,Coke
1477,Pepsi
1478,Coke
1479,Pepsi
1480,Pepsi
1481,Pepsi
1482,Coke
1483,Coke
1484,Pepsi
1485,Pepsi
1486,Pepsi
1487,Pepsi
1488,Pepsi
1489,Pepsi
1490,Pepsi
1491,Pepsi
1492,Pepsi
1493,Pepsi
1494,Coke
1495,Coke
1496,Coke
1497,Coke
1498,Pepsi
1499,Coke
1500,Pepsi
1501,Pepsi
1502,Coke
1503,Coke
1504,Coke
1505,Coke
1506,Coke
1507,Coke
1508,Pepsi
1509,Coke
1510,Pepsi
1511,Coke
1512,Coke
1513,Pepsi
1514,Pepsi
1515,Pepsi
1516,Coke
1517,Pepsi
1518,Coke
1519,Coke
1520,Pepsi
1521,Coke
1522,Pepsi
1523,Coke
1524,Coke
1525,Pepsi
1526,Coke
1527,Pepsi
1528,Coke
1529,Pepsi
1530,Coke
1531,Coke
1532,Pepsi
1533,Pepsi
1534,Pepsi
1535,Coke
1536,Pepsi
1537,Pepsi
1538,Coke
1539,Coke
1540,Coke
1541,Coke
1542,Pepsi
1543,Coke
1544,Pepsi
1545,Pepsi
1546,Coke
1547,Pepsi
1548,Pepsi
1549,Coke
1550,Pepsi
1551,Pepsi
1552,Coke
1553,Coke
1554,Pepsi
1555,Coke
1556,Coke
1557,Pepsi
1558,Coke
1559,Pepsi
1560,Coke
1561,Coke
1562,Coke
1563,Coke
1564,Coke
1565,Pepsi
1566,Coke
1567,Coke
1568,Coke
1569,Coke
1570,Pepsi
1571,Coke
1572,Pepsi
1573,Pepsi
1574,Coke
1575,Coke
1576,Coke
1577,Coke
1578,Coke
1579,Pepsi
1580,Coke
1581,Pepsi
1582,Pepsi
1583,Coke
1584,Coke
1585,Pepsi
1586,Coke
1587,Coke
1588,Pepsi
1589,Pepsi
1590,Coke
1591,Coke
1592,Coke
1593,Pepsi
1594,Coke
1595,Coke
1596,Coke
1597,Coke
1598,Coke
1599,Pepsi
1600,Pepsi
1601,Coke
1602,Pepsi
1603,Coke
1604,Pepsi
1605,Coke
1606,Coke
1607,Pepsi
1608,Coke
1609,Pepsi
1610,Coke
1611,Pepsi
1612,Pepsi
1613,Coke
1614,Coke
1615,Pepsi
1616,Pepsi
1617,Pepsi
1618,Coke
1619,Coke
1620,Pepsi
1621,Coke
1622,Pepsi
1623,Coke
1624,Pepsi
1625,Coke
1626,Pepsi
1627,Coke
1628,Coke
1629,Coke
1630,Pepsi
1631,Pepsi
1632,Pepsi
1633,Coke
1634,Pepsi
1635,Coke
1636,Coke
1637,Pepsi
1638,Coke
1639,Pepsi
1640,Pepsi
1641,Coke
1642,Pepsi
1643,Pepsi
1644,Coke
1645,Pepsi
1646,Pepsi
1647,Coke
1648,Pepsi
1649,Coke
1650,Pepsi
1651,Pepsi
1652,Coke
1653,Coke
1654,Coke
1655,Coke
1656,Pepsi
1657,Pepsi
1658,Coke
1659,Pepsi
1660,Coke
1661,Pepsi
1662,Coke
1663,Pepsi
1664,Coke
1665,Pepsi
1666,Coke
1667,Coke
1668,Pepsi
1669,Pepsi
1670,Coke
1671,Coke
1672,Coke
1673,Coke
1674,Coke
1675,Pepsi
1676,Coke
1677,Pepsi
1678,Pepsi
1679,Pepsi
1680,Coke
1681,Coke
1682,Pepsi
1683,Pepsi
1684,Coke
1685,Coke
1686,Coke
1687,Coke
1688,Coke
1689,Coke
1690,Coke
1691,Coke
1692,Coke
1693,Coke
1694,Pepsi
1695,Pepsi
1696,Coke
1697,Coke
1698,Pepsi
1699,Coke
1700,Coke
1701,Pepsi
1702,Pepsi
1703,Coke
1704,Pepsi
1705,Pepsi
1706,Coke
1707,Coke
1708,Coke
1709,Pepsi
1710,Pepsi
1711,Coke
1712,Pepsi
1713,Pepsi
1714,Pepsi
1715,Coke
1716,Pepsi
1717,Pepsi
1718,Pepsi
1719,Pepsi
1720,Pepsi
1721,Pepsi
1722,Coke
1723,Coke
1724,Pepsi
1725,Coke
1726,Pepsi
1727,Coke
1728,Coke
1729,Coke
1730,Pepsi
1731,Pepsi
1732,Coke
1733,Coke
1734,Pepsi
1735,Pepsi
1736,Pepsi
1737,Coke
1738,Pepsi
1739,Coke
1740,Pepsi
1741,Pepsi
1742,Coke
1743,Coke
1744,Coke
1745,Pepsi
1746,Pepsi
1747,Coke
1748,Pepsi
1749,Coke
1750,Coke
1751,Coke
1752,Coke
1753,Coke
1754,Coke
1755,Pepsi
1756,Coke
1757,Coke
1758,Pepsi
1759,Pepsi
1760,Pepsi
1761,Coke
1762,Coke
1763,Pepsi
1764,Coke
1765,Coke
1766,Coke
1767,Coke
1768,Pepsi
1769,Coke
1770,Pepsi
1771,nan
1772,Pepsi
1773,Pepsi
1774,Pepsi
1775,Pepsi
1776,Coke
1777,Pepsi
1778,Coke
1779,Pepsi
1780,Pepsi
1781,Pepsi
1782,Coke
1783,Pepsi
1784,Coke
1785,Pepsi
1786,Pepsi
1787,Pepsi
1788,Pepsi
1789,Pepsi
1790,Coke
1791,Coke
1792,Pepsi
1793,Pepsi
1794,Coke
1795,Pepsi
1796,Pepsi
1797,Coke
1798,Pepsi
1799,Pepsi
1800,Pepsi
1801,Coke
1802,Pepsi
1803,Pepsi
1804,Coke
1805,Pepsi
1806,Pepsi
1807,Pepsi
1808,Coke
1809,Coke
1810,Coke
1811,Coke
1812,Pepsi
1813,Coke
1814,Pepsi
1815,Coke
1816,Coke
1817,Pepsi
1818,Pepsi
1819,Coke
1820,Pepsi
1821,Coke
1822,Pepsi
1823,Coke
1824,Coke
1825,Coke
1826,Pepsi
1827,Coke
1828,Coke
1829,Pepsi
1830,Coke
1831,Coke
1832,Pepsi
1833,Coke
1834,Pepsi
1835,Pepsi
1836,Pepsi
1837,Coke
1838,Pepsi
1839,Coke
1840,Pepsi
1841,Pepsi
1842,Pepsi
1843,Coke
1844,Coke
1845,Pepsi
1846,Coke
1847,Pepsi
1848,Pepsi
1849,Coke
1850,Coke
1851,Coke
1852,Coke
1853,Coke
1854,Pepsi
1855,Coke
1856,Pepsi
1857,Pepsi
1858,Coke
1859,Coke
1860,Coke
1861,Coke
1862,Pepsi
1863,Pepsi
1864,Coke
1865,Pepsi
1866,Coke
1867,Pepsi
1868,Coke
1869,Coke
1870,Pepsi
1871,Coke
1872,Coke
1873,Pepsi
1874,Coke
1875,Coke
1876,Coke
1877,Coke
1878,Pepsi
1879,Pepsi
1880,Pepsi
1881,nan
1882,Coke
1883,Pepsi
1884,Pepsi
1885,Coke
1886,Pepsi
1887,Coke
1888,Coke
1889,Pepsi
1890,Coke
1891,Pepsi
1892,Coke
1893,Pepsi
1894,Coke
1895,Coke
1896,Pepsi
1897,Pepsi
1898,Pepsi
1899,Coke
1900,Pepsi
1901,Coke
1902,Pepsi
1903,Coke
1904,Coke
1905,Pepsi
1906,Coke
1907,Coke
1908,Coke
1909,Pepsi
1910,Pepsi
1911,Coke
1912,Pepsi
1913,Coke
1914,Pepsi
1915,Coke
1916,Coke
1917,Coke
1918,Pepsi
1919,Pepsi
1920,Coke
1921,Coke
1922,Pepsi
1923,Pepsi
1924,Pepsi
1925,Coke
1926,Coke
1927,Pepsi
1928,Coke
1929,Pepsi
1930,Coke
1931,Pepsi
1932,Coke
1933,Pepsi
1934,Pepsi
1935,Coke
1936,Coke
1937,Coke
1938,Pepsi
1939,Coke
1940,Pepsi
1941,Coke
1942,Coke
1943,Coke
1944,Coke
1945,Coke
1946,Pepsi
1947,Coke
1948,Pepsi
1949,Pepsi
1950,Coke
1951,Pepsi
1952,Coke
1953,Pepsi
1954,Coke
1955,Pepsi
1956,Pepsi
1957,Coke
1958,Pepsi
1959,Coke
1960,Pepsi
1961,Coke
1962,Coke
1963,Coke
1964,Coke
1965,Pepsi
1966,Coke
1967,Coke
1968,Pepsi
1969,Coke
1970,Coke
1971,Pepsi
1972,Coke
1973,Pepsi
1974,Coke
1975,Pepsi
1976,Coke
1977,Pepsi
1978,Coke
1979,Pepsi
1980,Coke
1981,Pepsi
1982,Coke
1983,Coke
1984,Coke
1985,Pepsi
1986,Pepsi
1987,Coke
1988,Coke
1989,Pepsi
1990,Coke
1991,Pepsi
1992,Coke
1993,Coke
1994,Coke
1995,Coke
1996,Coke
1997,Coke
1998,Coke
1999,Coke
2000,Coke
2001,Pepsi
2002,Coke
2003,Coke
2004,nan
2005,Coke
2006,Pepsi
2007,Pepsi
2008,Pepsi
2009,Coke
2010,Pepsi
2011,Pepsi
2012,Coke
2013,Pepsi
2014,Pepsi
2015,Coke
2016,Pepsi
2017,Pepsi
2018,Pepsi
2019,Pepsi
2020,Coke
2021,Coke
2022,Coke
2023,Pepsi
2024,Coke
2025,Coke
2026,Coke
2027,Coke
2028,Coke
2029,Pepsi
2030,Pepsi
2031,nan
2032,Coke
2033,Pepsi
2034,Coke
2035,Pepsi
2036,Coke
2037,Pepsi
2038,Pepsi
2039,Pepsi
2040,Coke
2041,Pepsi
2042,Coke
2043,Pepsi
2044,Coke
2045,Pepsi
2046,Pepsi
2047,Coke
2048,Coke
2049,Coke
2050,Coke
2051,Pepsi
2052,Pepsi
2053,Coke
2054,Pepsi
2055,Coke
2056,Coke
2057,Pepsi
2058,Pepsi
2059,Coke
2060,Coke
2061,Pepsi
2062,Coke
2063,Coke
2064,Pepsi
2065,Pepsi
2066,Pepsi
2067,Pepsi
2068,Coke
2069,Pepsi
2070,Coke
2071,Coke
2072,Pepsi
2073,Coke
2074,Coke
2075,nan
2076,Coke
2077,Pepsi
2078,Coke
2079,Coke
2080,Pepsi
2081,Coke
2082,Coke
2083,Coke
2084,Coke
2085,Pepsi
2086,Coke
2087,Pepsi
2088,Pepsi
2089,Coke
2090,Coke
2091,Pepsi
2092,Coke
2093,Coke
2094,Coke
2095,Coke
2096,Pepsi
2097,Coke
2098,Pepsi
2099,Pepsi
2100,Coke
2101,Coke
2102,Coke
2103,Pepsi
2104,Coke
2105,Coke
2106,Pepsi
2107,Pepsi
2108,Pepsi
2109,Pepsi
2110,Coke
2111,Coke
2112,Pepsi
2113,Pepsi
2114,Coke
2115,Pepsi
2116,Pepsi
2117,Pepsi
2118,Pepsi
2119,Coke
2120,Coke
2121,Pepsi
2122,Pepsi
2123,Coke
2124,nan
2125,Pepsi
2126,Pepsi
2127,Coke
2128,Coke
2129,Coke
2130,Pepsi
2131,Coke
2132,Pepsi
2133,Coke
2134,Pepsi
2135,Pepsi
2136,Coke
2137,Pepsi
2138,Coke
2139,Coke
2140,Coke
2141,Pepsi
2142,Coke
2143,Coke
2144,Coke
2145,Pepsi
2146,Coke
2147,Coke
2148,Pepsi
2149,Coke
2150,Pepsi
2151,Pepsi
2152,Pepsi
2153,Coke
2154,Pepsi
2155,Coke
2156,Pepsi
2157,Coke
2158,Pepsi
2159,Coke
2160,Pepsi
2161,Coke
2162,Coke
2163,Pepsi
2164,Coke
2165,Pepsi
2166,Coke
2167,Coke
2168,Pepsi
2169,Pepsi
2170,Pepsi
2171,Pepsi
2172,Coke
2173,Coke
2174,Coke
2175,Coke
2176,Coke
2177,Pepsi
2178,Coke
2179,Pepsi
2180,nan
2181,Coke
2182,Coke
2183,nan
2184,Coke
2185,Pepsi
2186,Pepsi
2187,Coke
2188,Coke
2189,Pepsi
2190,Pepsi
2191,Pepsi
2192,Pepsi
2193,Coke
2194,Pepsi
2195,Coke
2196,Coke
2197,Coke
2198,Coke
2199,Pepsi
2200,Pepsi
2201,Coke
2202,Coke
2203,Coke
2204,Coke
2205,Pepsi
2206,Pepsi
2207,Pepsi
2208,Pepsi
2209,Coke
2210,Pepsi
2211,Pepsi
2212,Coke
2213,Coke
2214,Coke
2215,Coke
2216,Pepsi
2217,Coke
2218,Coke
2219,Pepsi
2220,Coke
2221,Pepsi
2222,Pepsi
2223,Coke
2224,Coke
2225,Coke
2226,Coke
2227,Coke
2228,Pepsi
2229,Pepsi
2230,Pepsi
2231,Pepsi
2232,Coke
2233,Pepsi
2234,Coke
2235,Pepsi
2236,Coke
2237,Coke
2238,Pepsi
2239,Coke
2240,Pepsi
2241,Pepsi
2242,Pepsi
2243,Pepsi
2244,Coke
2245,Coke
2246,Coke
2247,Coke
2248,Pepsi
2249,Pepsi
2250,Pepsi
2251,Pepsi
2252,Coke
2253,Coke
2254,Pepsi
2255,Pepsi
2256,Coke
2257,Coke
2258,Coke
2259,Pepsi
2260,Coke
2261,Coke
2262,Pepsi
2263,Coke
2264,Coke
2265,Pepsi
2266,Coke
2267,Pepsi
2268,Pepsi
2269,Pepsi
2270,Coke
2271,Pepsi
2272,Pepsi
2273,Coke
2274,Coke
2275,Coke
2276,Pepsi
2277,Pepsi
2278,Coke
2279,Pepsi
2280,Pepsi
2281,Pepsi
2282,Coke
2283,Pepsi
2284,Pepsi
2285,Pepsi
2286,Pepsi
2287,Pepsi
2288,Coke
2289,Coke
2290,Pepsi
2291,Coke
2292,Coke
2293,Pepsi
2294,Coke
2295,Coke
2296,Pepsi
2297,Coke
2298,Coke
2299,Coke
2300,Pepsi
2301,Coke
2302,Pepsi
2303,Pepsi
2304,Coke
2305,Coke
2306,Coke
2307,Pepsi
2308,Coke
2309,Pepsi
2310,Coke
2311,Coke
2312,Pepsi
2313,Coke
2314,Coke
2315,Pepsi
2316,Coke
2317,Pepsi
2318,Coke
2319,Pepsi
2320,Pepsi
2321,Pepsi
2322,Pepsi
2323,Pepsi
2324,Pepsi
2325,Pepsi
2326,Pepsi
2327,Coke
2328,Pepsi
2329,Pepsi
2330,Pepsi
2331,Pepsi
2332,Coke
2333,Pepsi
2334,Coke
2335,Coke
2336,Pepsi
2337,Pepsi
2338,Coke
2339,Coke
2340,Pepsi
2341,Coke
2342,Coke
2343,nan
2344,Pepsi
2345,Pepsi
2346,Coke
2347,Coke
2348,Coke
2349,Pepsi
2350,Pepsi
2351,Coke
2352,Pepsi
2353,Pepsi
2354,Coke
2355,Coke
2356,Pepsi
2357,Coke
2358,nan